{
	"displayName": "Coal Chicken",
	"dropItem": "minecraft:coal",
	"dropItemNBT": "",
	"spawnNaturally": false,
	"spawnType": 1,
	"spawnLight": 7,
	"spawnBlocks": ["minecraft:grass_block"],
	"canBreed": true,
	"baseHealth": 4,
	"baseSpeed": 0.25,
	"isFireImmune": false,
	"conversion": 250,
	"eggLayTime": 6000,
	"eggColorBackground": "2500134",
	"eggColorForeground": "0",
	"hasTrait": 0,
	"parentA": "resourcechickens:flint",
	"parentB": "resourcechickens:log",
	"enabled": true
}
