{
	"displayName": "Dirt Chicken",
	"dropItem": "minecraft:dirt",
	"dropItemNBT": "",
	"spawnNaturally": false,
	"spawnType": 1,
	"spawnLight": 7,
	"spawnBlocks": ["minecraft:grass_block", "minecraft:dirt"],
	"canBreed": true,
	"baseHealth": 4,
	"baseSpeed": 0.25,
	"isFireImmune": false,
	"conversion": 250,
	"eggLayTime": 6000,
	"eggColorBackground": "6192150",
	"eggColorForeground": "8606770",
	"hasTrait": 0,
	"parentA": "resourcechickens:sand",
	"parentB": "resourcechickens:dye_brown",
	"enabled": true
}
