{
	"displayName": "Lime Dye Chicken",
	"dropItem": "minecraft:lime_dye",
	"dropItemNBT": "",
	"spawnNaturally": false,
	"spawnType": 1,
	"spawnLight": 7,
	"spawnBlocks": ["minecraft:grass_block"],
	"canBreed": true,
	"baseHealth": 4,
	"baseSpeed": 0.25,
	"isFireImmune": false,
	"conversion": 250,
	"eggLayTime": 6000,
	"eggColorBackground": "8439583",
	"eggColorForeground": "15921906",
	"hasTrait": 0,
	"parentA": "resourcechickens:dye_white",
	"parentB": "resourcechickens:dye_green",
	"enabled": true
}
