{
	"displayName": "Emerald Chicken",
	"dropItem": "minecraft:emerald",
	"dropItemNBT": "",
	"spawnNaturally": false,
	"spawnType": 1,
	"spawnLight": 7,
	"spawnBlocks": ["minecraft:grass_block"],
	"canBreed": true,
	"baseHealth": 4,
	"baseSpeed": 0.25,
	"isFireImmune": false,
	"conversion": 250,
	"eggLayTime": 6000,
	"eggColorBackground": "52224",
	"eggColorForeground": "13056",
	"hasTrait": 0,
	"parentA": "resourcechickens:dye_green",
	"parentB": "resourcechickens:diamond",
	"enabled": true
}
