{
	"displayName": "Enderman Chicken",
	"dropItem": "minecraft:ender_pearl",
	"dropItemNBT": "",
	"spawnNaturally": true,
	"spawnType": 0,
	"spawnLight": 7,
	"spawnBlocks": ["minecraft:end_stone"],
	"canBreed": true,
	"baseHealth": 4,
	"baseSpeed": 0.25,
	"isFireImmune": false,
	"conversion": 250,
	"eggLayTime": 6000,
	"eggColorBackground": "6656",
	"eggColorForeground": "6707",
	"hasTrait": 2,
	"parentA": "resourcechickens:diamond",
	"parentB": "resourcechickens:netherwart",
	"enabled": true
}
