{
	"displayName": "Honey Chicken",
	"dropItem": "minecraft:honeycomb",
	"dropItemNBT": "",
	"spawnNaturally": false,
	"spawnType": 1,
	"spawnLight": 7,
	"spawnBlocks": ["minecraft:grass_block"],
	"canBreed": true,
	"baseHealth": 4,
	"baseSpeed": 0.25,
	"isFireImmune": false,
	"conversion": 250,
	"eggLayTime": 6000,
	"eggColorBackground": "15433489",
	"eggColorForeground": "16777062",
	"hasTrait": 0,
	"parentA": "resourcechickens:slime",
	"parentB": "resourcechickens:dye_orange",
	"enabled": true
}
