{
	"displayName": "Leather Chicken",
	"dropItem": "minecraft:leather",
	"dropItemNBT": "",
	"spawnNaturally": false,
	"spawnType": 1,
	"spawnLight": 7,
	"spawnBlocks": ["minecraft:grass_block"],
	"canBreed": true,
	"baseHealth": 4,
	"baseSpeed": 0.25,
	"isFireImmune": false,
	"conversion": 250,
	"eggLayTime": 6000,
	"eggColorBackground": "10985580",
	"eggColorForeground": "9539985",
	"hasTrait": 0,
	"parentA": "resourcechickens:dye_brown",
	"parentB": "resourcechickens:spider",
	"enabled": true
}
