{
	"displayName": "Netherwart Chicken",
	"dropItem": "minecraft:nether_wart",
	"dropItemNBT": "",
	"spawnNaturally": false,
	"spawnType": 0,
	"spawnLight": 0,
	"spawnBlocks": ["minecraft:netherrack"],
	"canBreed": true,
	"baseHealth": 4,
	"baseSpeed": 0.25,
	"isFireImmune": true,
	"conversion": 250,
	"eggLayTime": 6000,
	"eggColorBackground": "8388608",
	"eggColorForeground": "3348992",
	"hasTrait": 0,
	"parentA": "resourcechickens:dye_brown",
	"parentB": "resourcechickens:glowstone",
	"enabled": true
}
