{
	"displayName": "Obsidian Chicken",
	"dropItem": "minecraft:obsidian",
	"dropItemNBT": "",
	"spawnNaturally": false,
	"spawnType": 1,
	"spawnLight": 7,
	"spawnBlocks": ["minecraft:grass_block"],
	"canBreed": true,
	"baseHealth": 4,
	"baseSpeed": 0.25,
	"isFireImmune": false,
	"conversion": 250,
	"eggLayTime": 6000,
	"eggColorBackground": "526350",
	"eggColorForeground": "4602464",
	"hasTrait": 0,
	"parentA": "resourcechickens:lava",
	"parentB": "resourcechickens:water",
	"enabled": true
}
