{
	"displayName": "Snowball Chicken",
	"dropItem": "minecraft:snowball",
	"dropItemNBT": "",
	"spawnNaturally": false,
	"spawnType": 1,
	"spawnLight": 7,
	"spawnBlocks": ["minecraft:snow_block"],
	"canBreed": true,
	"baseHealth": 4,
	"baseSpeed": 0.25,
	"isFireImmune": false,
	"conversion": 250,
	"eggLayTime": 6000,
	"eggColorBackground": "15433489",
	"eggColorForeground": "15921906",
	"hasTrait": 0,
	"parentA": "resourcechickens:dye_orange",
	"parentB": "resourcechickens:water",
	"enabled": true
}
