{
	"displayName": "String Chicken",
	"dropItem": "minecraft:string",
	"dropItemNBT": "",
	"spawnNaturally": false,
	"spawnType": 1,
	"spawnLight": 7,
	"spawnBlocks": ["minecraft:grass_block"],
	"canBreed": true,
	"baseHealth": 4,
	"baseSpeed": 0.25,
	"isFireImmune": false,
	"conversion": 250,
	"eggLayTime": 6000,
	"eggColorBackground": "3348992",
	"eggColorForeground": "8388608",
	"hasTrait": 0,
	"parentA": "resourcechickens:dye_black",
	"parentB": "resourcechickens:log",
	"enabled": true
}
