{
	"displayName": "Experience Chicken",
	"dropItem": "resourcechickens:xp_item",
	"dropItemNBT": "",
	"spawnNaturally": false,
	"spawnType": 1,
	"spawnLight": 7,
	"spawnBlocks": ["minecraft:grass_block"],
	"canBreed": true,
	"baseHealth": 4,
	"baseSpeed": 0.25,
	"isFireImmune": false,
	"conversion": 250,
	"eggLayTime": 6000,
	"eggColorBackground": "12051546",
	"eggColorForeground": "12051546",
	"hasTrait": 0,
	"parentA": "resourcechickens:dye_yellow",
	"parentB": "resourcechickens:slime",
	"enabled": true
}
